trial,item_no,item_id,type,expset,condition,social_context,target_context,register_match,grammatical,context,critical,sentence,picture1,picture2,picture3,picture4,context_norm
practice,practice,practice,practice,practice,practice,practice,practice,practice,practice,Hochtrabend daherkommend*erwähnte*der Profi:,"Ich*mutmaße,*dass*die Reparatur*trotz der fairen Versicherung*teuer ist. ",Welches Bild passt am besten zu dem zuletzt gelesenen Satz?,practice1rel1.jpg,practice1rel2.jpg,practice1unrel1.jpg,practice1unrel2.jpg,Hochtrabend daherkommend erwähnte der Profi:
practice,practice,practice,practice,practice,practice,practice,practice,practice,practice,Gut gelaunt*sagte*die Studentin:,Ich*schreibe*später*meine Hausaufgaben*in der Bibliothek.,Welches Bild passt am besten zu dem zuletzt gelesenen Satz?,practice2rel1.jpg,practice2rel2.jpg,practice2unrel1.jpg,practice2unrel2.jpg,Gut gelaunt sagte die Studentin:
practice,practice,practice,practice,practice,practice,practice,practice,practice,practice,Minimal verunsichert*benannte*Anne:,"Ich*ahne,*dass*der Fleck*trotz der starken Reinigung*bleibt.",Welches Bild passt am besten zu dem zuletzt gelesenen Satz?,practice3rel1.jpg,practice3rel2.jpg,practice3unrel1.jpg,practice3unrel2.jpg,Minimal verunsichert benannte Anne:
1,91,11,filler,WP2,j,low,high,mismatch,no,Die Babysitterin*checkte*im Laden:,Die Verkäuferin*taxieren*das Kind.,Welches Bild passt am besten zu dem zuletzt gelesenen Satz?,Filler11_WP2_related_1.jpg,Filler11_WP2_related_2.jpg,Filler11_WP2_unrelated_1.jpg,Filler11_WP2_unrelated_2.jpg,Die Babysitterin checkte im Laden:
2,46,6,filler,SocStat,a,high,high,match,yes,Zu spät*kommen*als Arzt*wird*nicht gern*gesehen.,"Ich*denke,*dass*der Stau*wegen der engen Baustelle*unendlich ist.",Welches Bild passt am besten zu dem zuletzt gelesenen Satz?,Filler6_socstat_related_1.jpg,Filler6_socstat_related_2.jpg,Filler6_socstat_unrelated_1.jpg,Filler6_socstat_unrelated_2.jpg,Zu spät kommen als Arzt wird nicht gern gesehen.
3,85,5,filler,WP2,g,low,low,match,yes,Der Pöbel*erzählte*überall rum:,Der Bischof*rüffelte*den Herrscher.,Welches Bild passt am besten zu dem zuletzt gelesenen Satz?,Filler5_WP2_related_1.jpg,Filler5_WP2_related_2.jpg,Filler5_WP2_unrelated_1.jpg,Filler5_WP2_unrelated_2.jpg,Der Pöbel erzählte überall rum:
4,13,13,critical,WP1,f,low,high,mismatch,no,Astrein hergerichtet*plappert*Maria:,Ich*kopiere*später*meine Fingernägel*auf den PC.,Welches Bild passt am besten zu dem zuletzt gelesenen Satz?,Fingernaegel.jpg,Klauen.jpg,Zeichnung.jpg,Kritzelei.jpg,Astrein hergerichtet plappert Maria:
5,78,50,filler,SocStat,b,high,high,match,no,Die Kritiker*beratschlagten sich.,"Ich*nehme an,*dass*der Film*trotz die schwache Bewertung*interessant ist.",Welches Bild passt am besten zu dem zuletzt gelesenen Satz?,Filler50_socstat_related_1.jpg,Filler50_socstat_related_2.jpg,Filler50_socstat_unrelated_1.jpg,Filler50_socstat_unrelated_2.jpg,Die Kritiker beratschlagten sich.
6,94,14,filler,WP2,j,high,low,mismatch,no,Der Hochwohlgeborene*verbreitete*anmutig:,Der Meister*checken*den Lehrling.,Welches Bild passt am besten zu dem zuletzt gelesenen Satz?,Filler14_WP2_related_1.jpg,Filler14_WP2_related_2.jpg,Filler14_WP2_unrelated_1.jpg,Filler14_WP2_unrelated_2.jpg,Der Hochwohlgeborene verbreitete anmutig:
7,51,11,filler,SocStat,a,high,high,match,yes,Elsa*verdient*als Pilotin*sehr viel Geld.,"Ich*bin überzeugt,*dass*die Freundschaft*wegen der großen Entfernung*leiden muss.",Welches Bild passt am besten zu dem zuletzt gelesenen Satz?,Filler11_socstat_related_1.jpg,Filler11_socstat_related_2.jpg,Filler11_socstat_unrelated_1.jpg,Filler11_socstat_unrelated_2.jpg,Elsa verdient als Pilotin sehr viel Geld.
8,5,5,critical,WP1,c,low,low,match,yes,Stark unter Dampf*trötet*Moritz:,Ich*renoviere*später*meine Kammern*in dem Plattenbau.,Welches Bild passt am besten zu dem zuletzt gelesenen Satz?,Kammern.jpg,Gemaecher.jpg,Poette.jpg,Tassen.jpg,Stark unter Dampf trötet Moritz:
9,113,33,filler,WP2,h,low,low,match,no,Die Ultras*brüllten*vor dem Späti:,Der Säufer*mobben*den Rowdy.,Welches Bild passt am besten zu dem zuletzt gelesenen Satz?,Filler33_WP2_related_1.jpg,Filler33_WP2_related_2.jpg,Filler33_WP2_unrelated_1.jpg,Filler33_WP2_unrelated_2.jpg,Die Ultras brüllten vor dem Späti:
10,93,13,filler,WP2,j,low,high,mismatch,no,Die Clique*johlte*beim Saufen:,Der Lokalbesitzer*maßregeln*den Kellner.,Welches Bild passt am besten zu dem zuletzt gelesenen Satz?,Filler13_WP2_related_1.jpg,Filler13_WP2_related_2.jpg,Filler13_WP2_unrelated_1.jpg,Filler13_WP2_unrelated_2.jpg,Die Clique johlte beim Saufen:
11,47,7,filler,SocStat,a,high,high,match,yes,Die Feuerwehrfrau*löscht*die Brände.,"Ich*meine,*dass*die Unruhe*wegen der wüsten Proteste*nachvollziehbar ist.",Welches Bild passt am besten zu dem zuletzt gelesenen Satz?,Filler7_socstat_related_1.jpg,Filler7_socstat_related_2.jpg,Filler7_socstat_unrelated_1.jpg,Filler7_socstat_unrelated_2.jpg,Die Feuerwehrfrau löscht die Brände.
12,2,2,critical,WP1,c,high,high,match,yes,Elegant angezogen*spricht*Peter:,Ich*falte*gleich*meine Kleidung*auf der Liege.,Welches Bild passt am besten zu dem zuletzt gelesenen Satz?,Kleidung.jpg,Klamotten.jpg,Schuhe.jpg,Latschen.jpg,Elegant angezogen spricht Peter:
13,104,24,filler,WP2,i,high,low,mismatch,yes,Die Hausherren*debattierten*die Novität:,Der Gärtner*umgarnte*den Gehilfen.,Welches Bild passt am besten zu dem zuletzt gelesenen Satz?,Filler24_WP2_related_1.jpg,Filler24_WP2_related_2.jpg,Filler24_WP2_unrelated_1.jpg,Filler24_WP2_unrelated_2.jpg,Die Hausherren debattierten die Novität:
14,118,38,filler,WP2,h,high,high,match,no,Die Polizeidirektorin*referierte*die Rivalität:,Der Polizist*inhaftieren*die Aktivistin.,Welches Bild passt am besten zu dem zuletzt gelesenen Satz?,Filler38_WP2_related_1.jpg,Filler38_WP2_related_2.jpg,Filler38_WP2_unrelated_1.jpg,Filler38_WP2_unrelated_2.jpg,Die Polizeidirektorin referierte die Rivalität:
15,49,9,filler,SocStat,a,high,high,match,yes,Ein Streifenpolizist*braucht*eine gute Intuition.,"Ich*befürchte,*dass*die Strecke*wegen des frühen Rennens*umgeleitet ist.",Welches Bild passt am besten zu dem zuletzt gelesenen Satz?,Filler9_socstat_related_1.jpg,Filler9_socstat_related_2.jpg,Filler9_socstat_unrelated_1.jpg,Filler9_socstat_unrelated_2.jpg,Ein Streifenpolizist braucht eine gute Intuition.
16,29,29,critical,WP1,e,low,low,match,no,Extrem großkotzig*meint*Annika:,Ich*rauche*bald*meine Kneipe*mit dem Kumpel.,Welches Bild passt am besten zu dem zuletzt gelesenen Satz?,Kneipe.jpg,Schaenke.jpg,Kippe.jpg,Zigarre.jpg,Extrem großkotzig meint Annika:
17,110,30,filler,WP2,i,high,low,mismatch,yes,Der Gesetzeshüter*protokollierte*den Streit:,Der Verbrecher*bemäkelte*den Kontaktmann.,Welches Bild passt am besten zu dem zuletzt gelesenen Satz?,Filler30_WP2_related_1.jpg,Filler30_WP2_related_2.jpg,Filler30_WP2_unrelated_1.jpg,Filler30_WP2_unrelated_2.jpg,Der Gesetzeshüter protokollierte den Streit:
18,52,12,filler,SocStat,a,high,high,match,yes,Marc*muss*als Berufsmusiker*stets*flexibel sein.,"Ich*bin überzeugt,*dass*die Veranstaltung*wegen der lauten Störung*länger dauert.",Welches Bild passt am besten zu dem zuletzt gelesenen Satz?,Filler12_socstat_related_1.jpg,Filler12_socstat_related_2.jpg,Filler12_socstat_unrelated_1.jpg,Filler12_socstat_unrelated_2.jpg,Marc muss als Berufsmusiker stets flexibel sein.
19,115,35,filler,WP2,h,low,low,match,no,Die Paparazzi*faselten*die krassen News:,Der Radprofi*piesacken*den Rennfahrer.,Welches Bild passt am besten zu dem zuletzt gelesenen Satz?,Filler35_WP2_related_1.jpg,Filler35_WP2_related_2.jpg,Filler35_WP2_unrelated_1.jpg,Filler35_WP2_unrelated_2.jpg,Die Paparazzi faselten die krassen News:
20,24,24,critical,WP1,e,high,high,match,no,Beflissen arbeitend*kündet*Lars:,Ich*befülle*gleich*meine Haare*von dem Wasserhahn.,Welches Bild passt am besten zu dem zuletzt gelesenen Satz?,Haare.jpg,Maehne.jpg,Flasche.jpg,Pulle.jpg,Beflissen arbeitend kündet Lars:
21,96,16,filler,WP2,j,high,low,mismatch,no,Der Vorstand*verbuchte*im Protokoll:,Der Radfahrer*bepöbeln*den Autofahrer.,Welches Bild passt am besten zu dem zuletzt gelesenen Satz?,Filler16_WP2_related_1.jpg,Filler16_WP2_related_2.jpg,Filler16_WP2_unrelated_1.jpg,Filler16_WP2_unrelated_2.jpg,Der Vorstand verbuchte im Protokoll:
22,87,7,filler,WP2,g,low,low,match,yes,Der Besoffene*johlte*vor dem Fernseher:,Der Kriminalbeamte*verschaukelte*den Raubmörder.,Welches Bild passt am besten zu dem zuletzt gelesenen Satz?,Filler7_WP2_related_1.jpg,Filler7_WP2_related_2.jpg,Filler7_WP2_unrelated_1.jpg,Filler7_WP2_unrelated_2.jpg,Der Besoffene johlte vor dem Fernseher:
23,79,51,filler,SocStat,b,high,high,match,no,Der Chef*lehnte sich*mit der Vermutung*aus dem Fenster.,"Ich*nehme an,*dass*der Umsatz*trotz die miese Wirtschaftslage*schnell steigt.",Welches Bild passt am besten zu dem zuletzt gelesenen Satz?,Filler51_socstat_related_1.jpg,Filler51_socstat_related_2.jpg,Filler51_socstat_unrelated_1.jpg,Filler51_socstat_unrelated_2.jpg,Der Chef lehnte sich mit der Vermutung aus dem Fenster.
24,36,36,critical,WP1,d,high,low,mismatch,yes,Effizient autonom*deklariert*Vera:,Ich*montiere*später*meine Funzel*nach der Vorschrift.,Welches Bild passt am besten zu dem zuletzt gelesenen Satz?,Funzel.jpg,Lampe.jpg,Glubscher.jpg,Augen.jpg,Effizient autonom deklariert Vera:
25,71,41,filler,SocStat,b,high,high,match,no,Sein Enkel*macht*in seiner Heimatstadt Wittenberg*Abitur.,"Ich*bin sicher,*dass*die Note*trotz die knappe Vorbereitung*erfreulich ist.",Welches Bild passt am besten zu dem zuletzt gelesenen Satz?,Filler41_socstat_related_1.jpg,Filler41_socstat_related_2.jpg,Filler41_socstat_unrelated_1.jpg,Filler41_socstat_unrelated_2.jpg,Sein Enkel macht in seiner Heimatstadt Wittenberg Abitur.
26,58,18,filler,SocStat,a,high,high,match,yes,Helga*arbeitet*seit vielen Jahren*als Chefredakteurin.,"Ich*finde,*dass*der Artikel*wegen der kleinen Vorfälle*deutlich*übertreibt.",Welches Bild passt am besten zu dem zuletzt gelesenen Satz?,Filler18_socstat_related_1.jpg,Filler18_socstat_related_2.jpg,Filler18_socstat_unrelated_1.jpg,Filler18_socstat_unrelated_2.jpg,Helga arbeitet seit vielen Jahren als Chefredakteurin.
27,77,49,filler,SocStat,b,high,high,match,no,Erika*munkelte*über Ihre Hoffnung.,"Ich*hoffe,*dass*das Wetter*trotz die kalte Prognose*angenehm ist.",Welches Bild passt am besten zu dem zuletzt gelesenen Satz?,Filler49_socstat_related_1.jpg,Filler49_socstat_related_2.jpg,Filler49_socstat_unrelated_1.jpg,Filler49_socstat_unrelated_2.jpg,Erika munkelte über Ihre Hoffnung.
28,16,16,critical,WP1,f,high,low,mismatch,no,Feinsinnig veranlagt*verkündet*Robert:,Ich*beantrage*jetzt*meinen Böller*für den Dienst.,Welches Bild passt am besten zu dem zuletzt gelesenen Satz?,Boeller.jpg,Feuerwerkskoerper.jpg,Lappen.jpg,Fuehrerschein.jpg,Feinsinnig veranlagt verkündet Robert:
29,102,22,filler,WP2,i,high,low,mismatch,yes,Der Adlige*schilderte*eine befremdliche Begebenheit:,Der Gastwirt*schmierte*den Winzer.,Welches Bild passt am besten zu dem zuletzt gelesenen Satz?,Filler22_WP2_related_1.jpg,Filler22_WP2_related_2.jpg,Filler22_WP2_unrelated_1.jpg,Filler22_WP2_unrelated_2.jpg,Der Adlige schilderte eine befremdliche Begebenheit:
30,63,29,filler,SocStat,b,high,high,match,no,Maurice*fährt regelmäßig*zurück nach Halle*zu seiner Familie.,"Ich*ahne,*dass*der Ausflug*wegen die späte Anmeldung*ausfallen muss.",Welches Bild passt am besten zu dem zuletzt gelesenen Satz?,Filler29_socstat_related_1.jpg,Filler29_socstat_related_2.jpg,Filler29_socstat_unrelated_1.jpg,Filler29_socstat_unrelated_2.jpg,Maurice fährt regelmäßig zurück nach Halle zu seiner Familie.
31,84,4,filler,WP2,g,high,high,match,yes,Die Kulturministerin*artikulierte*im Jahresbericht:,Die Regisseurin*koste*den Hauptdarsteller.,Welches Bild passt am besten zu dem zuletzt gelesenen Satz?,Filler4_WP2_related_1.jpg,Filler4_WP2_related_2.jpg,Filler4_WP2_unrelated_1.jpg,Filler4_WP2_unrelated_2.jpg,Die Kulturministerin artikulierte im Jahresbericht:
32,3,3,critical,WP1,c,low,low,match,yes,Schlampig eingestellt*labert*Felix.,Ich*saniere*bald*meine Bruchbude*in der City.,Welches Bild passt am besten zu dem zuletzt gelesenen Satz?,Bruchbude.jpg,Wohnung.jpg,Lauscher.jpg,Ohren.jpg,Schlampig eingestellt labert Felix.
33,34,34,critical,WP1,d,high,low,mismatch,yes,Unermesslich wohlerzogen*frohlockt*Elisabeth:,Ich*trinke*später*meine Limos*in dem Lokal.,Welches Bild passt am besten zu dem zuletzt gelesenen Satz?,Limos.jpg,Erfrischungsgetraenke.jpg,Waelzer.jpg,Buecher.jpg,Unermesslich wohlerzogen frohlockt Elisabeth:
34,74,46,filler,SocStat,b,high,high,match,no,Tim*mauschelte*uns*seine Ideen*zu.,"Ich*vermute,*dass*die Zeit*trotz die schrille Musik*entspannend ist.",Welches Bild passt am besten zu dem zuletzt gelesenen Satz?,Filler46_socstat_related_1.jpg,Filler46_socstat_related_2.jpg,Filler46_socstat_unrelated_1.jpg,Filler46_socstat_unrelated_2.jpg,Tim mauschelte uns seine Ideen zu.
35,43,3,filler,SocStat,a,high,high,match,yes,Herr Kluge*bemüht sich*sehr*als Politiker.,"Ich*nehme an,*dass*die Absperrung*wegen der langen Konferenz*bestehen bleibt.",Welches Bild passt am besten zu dem zuletzt gelesenen Satz?,Filler3_socstat_related_1.jpg,Filler3_socstat_related_2.jpg,Filler3_socstat_unrelated_1.jpg,Filler3_socstat_unrelated_2.jpg,Herr Kluge bemüht sich sehr als Politiker.
36,60,21,filler,SocStat,a,high,high,match,yes,Als Lektor*steht*Hans*stets*vor neuen Herausforderungen.,"Ich*hoffe,*dass*die Reaktion*wegen der falschen Nachricht*angemessen ist.",Welches Bild passt am besten zu dem zuletzt gelesenen Satz?,Filler21_socstat_related_1.jpg,Filler21_socstat_related_2.jpg,Filler21_socstat_unrelated_1.jpg,Filler21_socstat_unrelated_2.jpg,Als Lektor steht Hans stets vor neuen Herausforderungen.
37,18,18,critical,WP1,f,high,low,mismatch,no,Penibelst disponiert*propagiert*Tobias:,Ich*füttere*gleich*mein Klo*vor dem Lagerhaus.,Welches Bild passt am besten zu dem zuletzt gelesenen Satz?,Klo.jpg,WC.jpg,Vieh.jpg,Tier.jpg,Penibelst disponiert propagiert Tobias:
38,54,14,filler,SocStat,a,high,high,match,yes,Herr Meyers Tätigkeit*als Disponent*verlangt*analytische Fähigkeiten.,"Ich*vermute,*dass*die Bahn*wegen des heiklen Spiels*überfüllt ist.",Welches Bild passt am besten zu dem zuletzt gelesenen Satz?,Filler14_socstat_related_1.jpg,Filler14_socstat_related_2.jpg,Filler14_socstat_unrelated_1.jpg,Filler14_socstat_unrelated_2.jpg,Herr Meyers Tätigkeit als Disponent verlangt analytische Fähigkeiten.
39,89,9,filler,WP2,g,low,low,match,yes,Die Bürotante*kritzelte*auf den Zettel:,Der Reiseleiter*beguckte*den Einzelgänger.,Welches Bild passt am besten zu dem zuletzt gelesenen Satz?,Filler9_WP2_related_1.jpg,Filler9_WP2_related_2.jpg,Filler9_WP2_unrelated_1.jpg,Filler9_WP2_unrelated_2.jpg,Die Bürotante kritzelte auf den Zettel:
40,56,16,filler,SocStat,a,high,high,match,yes,Ricardo*wird*regelmäßig*als DJ*angeheuert.,"Ich*merke,*dass*die Überraschung*wegen der tiefen Freude*gelungen ist.",Welches Bild passt am besten zu dem zuletzt gelesenen Satz?,Filler16_socstat_related_1.jpg,Filler16_socstat_related_2.jpg,Filler16_socstat_unrelated_1.jpg,Filler16_socstat_unrelated_2.jpg,Ricardo wird regelmäßig als DJ angeheuert.
41,15,15,critical,WP1,f,low,high,mismatch,no,Helle gestrickt*tönt*Robert:,Ich*zünde*jetzt*meinen Führerschein*während der Demo.,Welches Bild passt am besten zu dem zuletzt gelesenen Satz?,Fuehrerschein.jpg,Lappen.jpg,Feuerwerkskoerper.jpg,Boeller.jpg,Helle gestrickt tönt Robert:
42,28,28,critical,WP1,e,high,high,match,no,Meisterlich begabt*stimuliert*Susanna:,Ich*besaite*später*meine Kleider*für den Verehrer.,Welches Bild passt am besten zu dem zuletzt gelesenen Satz?,Kleider.jpg,Fummel.jpg,Trompete.jpg,Troete.jpg,Meisterlich begabt stimuliert Susanna:
43,117,37,filler,WP2,h,low,low,match,no,Die Sekretärin*wisperte*den Gossip:,Der Dekan*verteufeln*den Kanzler.,Welches Bild passt am besten zu dem zuletzt gelesenen Satz?,Filler37_WP2_related_1.jpg,Filler37_WP2_related_2.jpg,Filler37_WP2_unrelated_1.jpg,Filler37_WP2_unrelated_2.jpg,Die Sekretärin wisperte den Gossip:
44,9,9,critical,WP1,c,low,low,match,yes,Massig betucht*schwafelt*Paula:,Ich*verschrotte*bald*meine Karren*neben der Fabrik.,Welches Bild passt am besten zu dem zuletzt gelesenen Satz?,Karren.jpg,Autos.jpg,Stelzen.jpg,Beine.jpg,Massig betucht schwafelt Paula:
45,99,19,filler,WP2,j,low,high,mismatch,no,Die Oma*schwatzte*vor sich hin:,Der Priester*indoktrinieren*den Hausarzt.,Welches Bild passt am besten zu dem zuletzt gelesenen Satz?,Filler19_WP2_related_1.jpg,Filler19_WP2_related_2.jpg,Filler19_WP2_unrelated_1.jpg,Filler19_WP2_unrelated_2.jpg,Die Oma schwatzte vor sich hin:
46,22,22,critical,WP1,e,high,high,match,no,Fachkundig instruiert*signalisiert*Florian:,Ich*entwurme*jetzt*meinen Bauch*mit der Tablette.,Welches Bild passt am besten zu dem zuletzt gelesenen Satz?,Bauch.jpg,Wanst.jpg,Hund.jpg,Koeter.jpg,Fachkundig instruiert signalisiert Florian:
47,66,33,filler,SocStat,b,high,high,match,no,"Er*wohnt*in Nürnberg,*die Stadt der Lebkuchen.","Ich*weiß,*dass*das Rezept*trotz die richtige Angabe*misslingt.",Welches Bild passt am besten zu dem zuletzt gelesenen Satz?,Filler33_socstat_related_1.jpg,Filler33_socstat_related_2.jpg,Filler33_socstat_unrelated_1.jpg,Filler33_socstat_unrelated_2.jpg,"Er wohnt in Nürnberg, die Stadt der Lebkuchen."
48,7,7,critical,WP1,c,low,low,match,yes,Quietschfidel gelaunt*twittert*Dennis:,Ich*fahre*jetzt*meine Drahtesel*durch den Kiez.,Welches Bild passt am besten zu dem zuletzt gelesenen Satz?,Drahtesel.jpg,Fahrraeder.jpg,Gruenzeug.jpg,Gemuese.jpg,Quietschfidel gelaunt twittert Dennis:
49,109,29,filler,WP2,i,low,high,mismatch,yes,Die Frau*petzte*bei dem Hausmeister:,Der Wanderer*quälte*den Nachtportier.,Welches Bild passt am besten zu dem zuletzt gelesenen Satz?,Filler29_WP2_related_1.jpg,Filler29_WP2_related_2.jpg,Filler29_WP2_unrelated_1.jpg,Filler29_WP2_unrelated_2.jpg,Die Frau petzte bei dem Hausmeister:
50,26,26,critical,WP1,e,high,high,match,no,Unerhört wohlhabend*äußert*Heike:,Ich*verkaufe*bald*meine Füße*bei der Versteigerung.,Welches Bild passt am besten zu dem zuletzt gelesenen Satz?,Fuesse.jpg,Mauken.jpg,Residenz.jpg,Bude.jpg,Unerhört wohlhabend äußert Heike:
51,50,10,filler,SocStat,a,high,high,match,yes,Mein Papa*ist*Schreiner.,"Ich*befürchte,*dass*die Sanierung*wegen der schönen Umgebung*chancenlos ist.",Welches Bild passt am besten zu dem zuletzt gelesenen Satz?,Filler10_socstat_related_1.jpg,Filler10_socstat_related_2.jpg,Filler10_socstat_unrelated_1.jpg,Filler10_socstat_unrelated_2.jpg,Mein Papa ist Schreiner.
52,83,3,filler,WP2,g,low,low,match,yes,Der Typ*verbreitete*auf WhatsApp:,Der Sportlehrer*ärgerte*den Wettläufer.,Welches Bild passt am besten zu dem zuletzt gelesenen Satz?,Filler3_WP2_related_1.jpg,Filler3_WP2_related_2.jpg,Filler3_WP2_unrelated_1.jpg,Filler3_WP2_unrelated_2.jpg,Der Typ verbreitete auf WhatsApp:
53,37,37,critical,WP1,d,low,high,mismatch,yes,Recht zuvorkommend*plauscht*Norbert:,Ich*wasche*gleich*meine Finger*in dem Spülbecken.,Welches Bild passt am besten zu dem zuletzt gelesenen Satz?,Finger.jpg,Griffel.jpg,Getraenke.jpg,Pluerre.jpg,Recht zuvorkommend plauscht Norbert:
54,70,40,filler,SocStat,b,high,high,match,no,In Ihrer neuen Heimat*Kassel*ist*viel Platz*für ein Beet.,"Ich*befürchte,*dass*der Garten*trotz die üppige Pflege*zuwachsen wird.",Welches Bild passt am besten zu dem zuletzt gelesenen Satz?,Filler40_socstat_related_1.jpg,Filler40_socstat_related_2.jpg,Filler40_socstat_unrelated_1.jpg,Filler40_socstat_unrelated_2.jpg,In Ihrer neuen Heimat Kassel ist viel Platz für ein Beet.
55,69,39,filler,SocStat,b,high,high,match,no,Seine Großmutter*aus München*backt*sehr gerne.,"Ich*befürchte,*dass*der Kuchen*trotz die frische Füllung*trocken ist.",Welches Bild passt am besten zu dem zuletzt gelesenen Satz?,Filler39_socstat_related_1.jpg,Filler39_socstat_related_2.jpg,Filler39_socstat_unrelated_1.jpg,Filler39_socstat_unrelated_2.jpg,Seine Großmutter aus München backt sehr gerne.
56,38,38,critical,WP1,d,high,low,mismatch,yes,Achtsam wohlmeinend*verbalisiert*Norbert:,Ich*verschütte*gleich*meine Plürre*auf den Tischläufer.,Welches Bild passt am besten zu dem zuletzt gelesenen Satz?,Pluerre.jpg,Getraenke.jpg,Griffel.jpg,Finger.jpg,Achtsam wohlmeinend verbalisiert Norbert:
57,48,8,filler,SocStat,a,high,high,match,yes,Anna*arbeitet*mehr als 5 Jahre*in dem Geschäft.,"Ich*meine,*dass*das Essen*wegen des scharfen Gewürzes*unverträglich ist.",Welches Bild passt am besten zu dem zuletzt gelesenen Satz?,Filler8_socstat_related_1.jpg,Filler8_socstat_related_2.jpg,Filler8_socstat_unrelated_1.jpg,Filler8_socstat_unrelated_2.jpg,Anna arbeitet mehr als 5 Jahre in dem Geschäft.
58,105,25,filler,WP2,i,low,high,mismatch,yes,Der Fan*textete*in der Whatsapp-Gruppe:,Der Trainer*inspizierte*den Ringkämpfer.,Welches Bild passt am besten zu dem zuletzt gelesenen Satz?,Filler25_WP2_related_1.jpg,Filler25_WP2_related_2.jpg,Filler25_WP2_unrelated_1.jpg,Filler25_WP2_unrelated_2.jpg,Der Fan textete in der Whatsapp-Gruppe:
59,95,15,filler,WP2,j,low,high,mismatch,no,Der Offizier*schwätzte*in der Kantine:,Der Soldat*denunzieren*den Wachmann.,Welches Bild passt am besten zu dem zuletzt gelesenen Satz?,Filler15_WP2_related_1.jpg,Filler15_WP2_related_2.jpg,Filler15_WP2_unrelated_1.jpg,Filler15_WP2_unrelated_2.jpg,Der Offizier schwätzte in der Kantine:
60,32,32,critical,WP1,d,high,low,mismatch,yes,Grandios geschult*prophezeit*Klaus:,Ich*verschreibe*bald*meine Pillen*auf dem Zettel.,Welches Bild passt am besten zu dem zuletzt gelesenen Satz?,Pillen.jpg,Arznei.jpg,Knarre.jpg,Pistole.jpg,Grandios geschult prophezeit Klaus:
61,59,19,filler,SocStat,a,high,high,match,yes,In einer Rösterei*arbeiten*macht*große Freude.,"Ich*finde,*dass*der Kaffee*wegen der alten Milch*merkwürdig schmeckt.",Welches Bild passt am besten zu dem zuletzt gelesenen Satz?,Filler19_socstat_related_1.jpg,Filler19_socstat_related_2.jpg,Filler19_socstat_unrelated_1.jpg,Filler19_socstat_unrelated_2.jpg,In einer Rösterei arbeiten macht große Freude.
62,61,24,filler,SocStat,b,high,high,match,no,Max*aus Bremen*ist*ein richtiger Bücherwurm.,"Ich*behaupte,*dass*das Lesen*wegen die neue Brille*leichter fällt.",Welches Bild passt am besten zu dem zuletzt gelesenen Satz?,Filler24_socstat_related_1.jpg,Filler24_socstat_related_2.jpg,Filler24_socstat_unrelated_1.jpg,Filler24_socstat_unrelated_2.jpg,Max aus Bremen ist ein richtiger Bücherwurm.
63,68,35,filler,SocStat,b,high,high,match,no,Das Weinfest*ist*bei vielen Hessen*Höhepunkt des Jahres.,"Ich*weiß,*dass*der Raum*trotz die massive*Hitze*voll ist.",Welches Bild passt am besten zu dem zuletzt gelesenen Satz?,Filler35_socstat_related_1.jpg,Filler35_socstat_related_2.jpg,Filler35_socstat_unrelated_1.jpg,Filler35_socstat_unrelated_2.jpg,Das Weinfest ist bei vielen Hessen Höhepunkt des Jahres.
64,40,40,critical,WP1,d,high,low,mismatch,yes,Leger verweilend*ersinnt*Sabine:,Ich*trage*jetzt*meine Schlappen*auf der Allee.,Welches Bild passt am besten zu dem zuletzt gelesenen Satz?,Schlappen.jpg,Hausschuhe.jpg,Absteige.jpg,Pension.jpg,Leger verweilend ersinnt Sabine:
65,55,15,filler,SocStat,a,high,high,match,yes,Charlotte*schreibt*freiberuflich*für ein Satiremagazin.,"Ich*ahne,*dass*die Stimmung*wegen der fiesen Beleidigung*schlecht ist.",Welches Bild passt am besten zu dem zuletzt gelesenen Satz?,Filler15_socstat_related_1.jpg,Filler15_socstat_related_2.jpg,Filler15_socstat_unrelated_1.jpg,Filler15_socstat_unrelated_2.jpg,Charlotte schreibt freiberuflich für ein Satiremagazin.
66,103,23,filler,WP2,i,low,high,mismatch,yes,Der Bouncer*gellte*ins Walkie-Talkie:,Der Geiger*stieß*den Sänger.,Welches Bild passt am besten zu dem zuletzt gelesenen Satz?,Filler23_WP2_related_1.jpg,Filler23_WP2_related_2.jpg,Filler23_WP2_unrelated_1.jpg,Filler23_WP2_unrelated_2.jpg,Der Bouncer gellte ins Walkie-Talkie:
67,30,30,critical,WP1,e,high,high,match,no,Exzessiv arrogant*intoniert*Annika:,Ich*streiche*bald*meine Zigarre*während der Arbeitszeit.,Welches Bild passt am besten zu dem zuletzt gelesenen Satz?,Zigarre.jpg,Kippe.jpg,Schaenke.jpg,Kneipe.jpg,Exzessiv arrogant intoniert Annika:
68,119,39,filler,WP2,h,low,low,match,no,Die Touris*gaben*den Wink:,Der Fremdenführer*ghosten*die Reisegruppe.,Welches Bild passt am besten zu dem zuletzt gelesenen Satz?,Filler39_WP2_related_1.jpg,Filler39_WP2_related_2.jpg,Filler39_WP2_unrelated_1.jpg,Filler39_WP2_unrelated_2.jpg,Die Touris gaben den Wink:
69,82,2,filler,WP2,g,high,high,match,yes,Der Gefängnisvorstand*bezeugte*in der Anhörung:,Der Skinhead*züchtigte*den Häftling.,Welches Bild passt am besten zu dem zuletzt gelesenen Satz?,Filler2_WP2_related_1.jpg,Filler2_WP2_related_2.jpg,Filler2_WP2_unrelated_1.jpg,Filler2_WP2_unrelated_2.jpg,Der Gefängnisvorstand bezeugte in der Anhörung:
70,92,12,filler,WP2,j,high,low,mismatch,no,Die Akademikerin*bedauerte*in der Konversation:,Der Passant*schimpfen*den Obdachlosen.,Welches Bild passt am besten zu dem zuletzt gelesenen Satz?,Filler12_WP2_related_1.jpg,Filler12_WP2_related_2.jpg,Filler12_WP2_unrelated_1.jpg,Filler12_WP2_unrelated_2.jpg,Die Akademikerin bedauerte in der Konversation:
71,33,33,critical,WP1,d,low,high,mismatch,yes,Ganz doll wacker*wiehert*Elisabeth:,Ich*lese*später*meine Bücher*von dem Bahnshop.,Welches Bild passt am besten zu dem zuletzt gelesenen Satz?,Buecher.jpg,Waelzer.jpg,Erfrischungsgetraenke.jpg,Limos.jpg,Ganz doll wacker wiehert Elisabeth:
72,90,10,filler,WP2,g,high,high,match,yes,Der Werkstattinhaber*bekundete*bestürzt:,Der Autobesitzer*belästigte*den Mechaniker.,Welches Bild passt am besten zu dem zuletzt gelesenen Satz?,Filler10_WP2_related_1.jpg,Filler10_WP2_related_2.jpg,Filler10_WP2_unrelated_1.jpg,Filler10_WP2_unrelated_2.jpg,Der Werkstattinhaber bekundete bestürzt:
73,73,45,filler,SocStat,b,high,high,match,no,Eduard*versprach*seiner Liebsten.,"Ich*schätze,*dass*das Haus*trotz die nahe Deponie*verkauft ist.",Welches Bild passt am besten zu dem zuletzt gelesenen Satz?,Filler45_socstat_related_1.jpg,Filler45_socstat_related_2.jpg,Filler45_socstat_unrelated_1.jpg,Filler45_socstat_unrelated_2.jpg,Eduard versprach seiner Liebsten.
74,14,14,critical,WP1,f,high,low,mismatch,no,Außerordentlich präpariert*formuliert*Maria:,Ich*lackiere*später*meine Kritzelei*für das Rendezvous.,Welches Bild passt am besten zu dem zuletzt gelesenen Satz?,Kritzelei.jpg,Zeichnung.jpg,Klauen.jpg,Fingernaegel.jpg,Außerordentlich präpariert formuliert Maria:
75,62,28,filler,SocStat,b,high,high,match,no,Peter*mag*an Potsdam*die vielen Grünflächen.,"Ich*mutmaße,*dass*der Park*wegen die schmale Größe*übersichtlich ist.",Welches Bild passt am besten zu dem zuletzt gelesenen Satz?,Filler28_socstat_related_1.jpg,Filler28_socstat_related_2.jpg,Filler28_socstat_unrelated_1.jpg,Filler28_socstat_unrelated_2.jpg,Peter mag an Potsdam die vielen Grünflächen.
76,45,5,filler,SocStat,a,high,high,match,yes,Jans Eltern*verlangen*als Professoren*viel*von ihrem Sohn.,"Ich*denke,*dass*die Studie*wegen des groben Versehens*abgesagt ist.",Welches Bild passt am besten zu dem zuletzt gelesenen Satz?,Filler5_socstat_related_1.jpg,Filler5_socstat_related_2.jpg,Filler5_socstat_unrelated_1.jpg,Filler5_socstat_unrelated_2.jpg,Jans Eltern verlangen als Professoren viel von ihrem Sohn.
77,44,4,filler,SocStat,a,high,high,match,yes,Als Justiziar*benötigt man*eine breite Expertise.,"Ich*nehme an,*dass*das Verfahren*wegen der harten Anklage*aufgenommen wurde.",Welches Bild passt am besten zu dem zuletzt gelesenen Satz?,Filler4_socstat_related_1.jpg,Filler4_socstat_related_2.jpg,Filler4_socstat_unrelated_1.jpg,Filler4_socstat_unrelated_2.jpg,Als Justiziar benötigt man eine breite Expertise.
78,12,12,critical,WP1,f,high,low,mismatch,no,Dienlich geschult*kommentiert*Daniel:,Ich*striegel*gleich*meine Buxen*für den Wettkampf.,Welches Bild passt am besten zu dem zuletzt gelesenen Satz?,Buxen.jpg,Hosen.jpg,Gaule.jpg,Pferde.jpg,Dienlich geschult kommentiert Daniel:
79,53,13,filler,SocStat,a,high,high,match,yes,Trotz Technologiesierung*arbeiten*viele*aus meiner Familie*in Fabriken.,"Ich*schätze,*dass*die Lieferung*wegen der heftigen Stürme*verspätet ist.",Welches Bild passt am besten zu dem zuletzt gelesenen Satz?,Filler13_socstat_related_1.jpg,Filler13_socstat_related_2.jpg,Filler13_socstat_unrelated_1.jpg,Filler13_socstat_unrelated_2.jpg,Trotz Technologiesierung arbeiten viele aus meiner Familie in Fabriken.
80,64,30,filler,SocStat,b,high,high,match,no,Jeder Einwohner*bemerkt*die Veränderungen*in Berlin.,Ich*bin sicher*dass*der Umbau*wegen die klare Vorschrift*verzögert wird.,Welches Bild passt am besten zu dem zuletzt gelesenen Satz?,Filler30_socstat_related_1.jpg,Filler30_socstat_related_2.jpg,Filler30_socstat_unrelated_1.jpg,Filler30_socstat_unrelated_2.jpg,Jeder Einwohner bemerkt die Veränderungen in Berlin.
81,42,2,filler,SocStat,a,high,high,match,yes,Jürgen*spricht gerne*über seine Tätigkeit*auf dem Bau.,"Ich*weiß,*dass*der Aufenthalt*wegen der schlechten Lage*preiswert ist.",Welches Bild passt am besten zu dem zuletzt gelesenen Satz?,Filler2_socstat_related_1.jpg,Filler2_socstat_related_2.jpg,Filler2_socstat_unrelated_1.jpg,Filler2_socstat_unrelated_2.jpg,Jürgen spricht gerne über seine Tätigkeit auf dem Bau.
82,20,20,critical,WP1,f,high,low,mismatch,no,Regsam engagiert*renommiert*Lukas:,Ich*serviere*jetzt*meinen Wisch*auf der Veranda.,Welches Bild passt am besten zu dem zuletzt gelesenen Satz?,Wisch.jpg,Antrag.jpg,Schampus.jpg,Champagner.jpg,Regsam engagiert renommiert Lukas:
83,57,17,filler,SocStat,a,high,high,match,yes,Meine Kollegin*schimpft*ständig*über den Erzieherberuf.,"Ich*vermute,*dass*die Aktion*wegen der vollen Kita*zugelassen ist.",Welches Bild passt am besten zu dem zuletzt gelesenen Satz?,Filler17_socstat_related_1.jpg,Filler17_socstat_related_2.jpg,Filler17_socstat_unrelated_1.jpg,Filler17_socstat_unrelated_2.jpg,Meine Kollegin schimpft ständig über den Erzieherberuf.
84,11,11,critical,WP1,f,low,high,mismatch,no,Patent trainiert*verklickert*Daniel:,Ich*bügel*gleich*meine Pferde*während der Tagesschau.,Welches Bild passt am besten zu dem zuletzt gelesenen Satz?,Pferde.jpg,Gaule.jpg,Hosen.jpg,Buxen.jpg,Patent trainiert verklickert Daniel:
85,23,23,critical,WP1,e,low,low,match,no,Emsig werkelnd*labert*Lars:,Ich*kämme*gleich*meine Pulle*nach dem Waschen.,Welches Bild passt am besten zu dem zuletzt gelesenen Satz?,Pulle.jpg,Flasche.jpg,Maehne.jpg,Haare.jpg,Emsig werkelnd labert Lars:
86,107,27,filler,WP2,i,low,high,mismatch,yes,Die Landratten*quatschten*mit dem Seebären:,Der Kapitän*veralberte*den General.,Welches Bild passt am besten zu dem zuletzt gelesenen Satz?,Filler27_WP2_related_1.jpg,Filler27_WP2_related_2.jpg,Filler27_WP2_unrelated_1.jpg,Filler27_WP2_unrelated_2.jpg,Die Landratten quatschten mit dem Seebären:
87,112,32,filler,WP2,h,high,high,match,no,Der Professorenrat*debattierte*über den Zwist:,Der Rektor*fixieren*den Schüler.,Welches Bild passt am besten zu dem zuletzt gelesenen Satz?,Filler32_WP2_related_1.jpg,Filler32_WP2_related_2.jpg,Filler32_WP2_unrelated_1.jpg,Filler32_WP2_unrelated_2.jpg,Der Professorenrat debattierte über den Zwist:
88,108,28,filler,WP2,i,high,low,mismatch,yes,Die Erziehungsberechtigten*erzählten*dem Nachfahren:,Der Bruder*beschwindelte*den Onkel.,Welches Bild passt am besten zu dem zuletzt gelesenen Satz?,Filler28_WP2_related_1.jpg,Filler28_WP2_related_2.jpg,Filler28_WP2_unrelated_1.jpg,Filler28_WP2_unrelated_2.jpg,Die Erziehungsberechtigten erzählten dem Nachfahren:
89,17,17,critical,WP1,f,low,high,mismatch,no,Pingelig getrimmt*schwafelt*Tobias:,Ich*putze*gleich*mein Tier*mit dem Putzzeug.,Welches Bild passt am besten zu dem zuletzt gelesenen Satz?,Tier.jpg,Vieh.jpg,WC.jpg,Klo.jpg,Pingelig getrimmt schwafelt Tobias:
90,116,36,filler,WP2,h,high,high,match,no,Die Aufsichtsbehörde*offenbarte*in einem Dokument:,Der Immobilienbesitzer*betrügen*den Makler.,Welches Bild passt am besten zu dem zuletzt gelesenen Satz?,Filler36_WP2_related_1.jpg,Filler36_WP2_related_2.jpg,Filler36_WP2_unrelated_1.jpg,Filler36_WP2_unrelated_2.jpg,Die Aufsichtsbehörde offenbarte in einem Dokument:
91,120,40,filler,WP2,h,high,high,match,no,Die Richter*urteilten*souverän:,Der Barkeeper*rügen*den Weinkenner.,Welches Bild passt am besten zu dem zuletzt gelesenen Satz?,Filler40_WP2_related_1.jpg,Filler40_WP2_related_2.jpg,Filler40_WP2_unrelated_1.jpg,Filler40_WP2_unrelated_2.jpg,Die Richter urteilten souverän:
92,106,26,filler,WP2,i,high,low,mismatch,yes,Die Empfangsdame*erkündigte*der Gesellschaft:,Der Rocksänger*belaberte*den Schlagzeuger.,Welches Bild passt am besten zu dem zuletzt gelesenen Satz?,Filler26_WP2_related_1.jpg,Filler26_WP2_related_2.jpg,Filler26_WP2_unrelated_1.jpg,Filler26_WP2_unrelated_2.jpg,Die Empfangsdame erkündigte der Gesellschaft:
93,6,6,critical,WP1,c,high,high,match,yes,Höchst strebsam*verlautbart*Moritz:,Ich*töpfere*später*meine Tassen*in dem Atelier.,Welches Bild passt am besten zu dem zuletzt gelesenen Satz?,Tassen.jpg,Poette.jpg,Gemaecher.jpg,Kammern.jpg,Höchst strebsam verlautbart Moritz:
94,67,34,filler,SocStat,b,high,high,match,no,Wir*sind*wegen der guten Möglichkeiten*nach Leipzig*gezogen.,"Ich*behaupte,*dass*der Reifen*trotz die kurze Reparatur*gerettet ist.",Welches Bild passt am besten zu dem zuletzt gelesenen Satz?,Filler34_socstat_related_1.jpg,Filler34_socstat_related_2.jpg,Filler34_socstat_unrelated_1.jpg,Filler34_socstat_unrelated_2.jpg,Wir sind wegen der guten Möglichkeiten nach Leipzig gezogen.
95,19,19,critical,WP1,f,low,high,mismatch,no,Aktiv mit*dabei*protzt*Lukas:,Ich*unterschreibe*jetzt*meinen Champagner*während des Meetings.,Welches Bild passt am besten zu dem zuletzt gelesenen Satz?,Champagner.jpg,Schampus.jpg,Antrag.jpg,Wisch.jpg,Aktiv mit dabei protzt Lukas:
96,81,1,filler,WP2,g,low,low,match,yes,Der Türsteher*steckte*dem coolen Partygirl:,Der Trinker*verpfiff*den Taxifahrer.,Welches Bild passt am besten zu dem zuletzt gelesenen Satz?,Filler1_WP2_related_1.jpg,Filler1_WP2_related_2.jpg,Filler1_WP2_unrelated_1.jpg,Filler1_WP2_unrelated_2.jpg,Der Türsteher steckte dem coolen Partygirl:
97,76,48,filler,SocStat,b,high,high,match,no,Der Patient*versicherte*dem Doktor.,"Ich*vermute,*dass*der Zahn*trotz die sanfte Behandlung*oft*schmerzt.",Welches Bild passt am besten zu dem zuletzt gelesenen Satz?,Filler48_socstat_related_1.jpg,Filler48_socstat_related_2.jpg,Filler48_socstat_unrelated_1.jpg,Filler48_socstat_unrelated_2.jpg,Der Patient versicherte dem Doktor.
98,114,34,filler,WP2,h,high,high,match,no,Der Bevollmächtigte*dokumentierte*die Furore:,Der Raufbold*prügeln*den Häftling.,Welches Bild passt am besten zu dem zuletzt gelesenen Satz?,Filler34_WP2_related_1.jpg,Filler34_WP2_related_2.jpg,Filler34_WP2_unrelated_1.jpg,Filler34_WP2_unrelated_2.jpg,Der Bevollmächtigte dokumentierte die Furore:
99,35,35,critical,WP1,d,low,high,mismatch,yes,Massiv selbstständig*protzt*Vera:,Ich*schminke*später*meine Augen*für die Schau.,Welches Bild passt am besten zu dem zuletzt gelesenen Satz?,Augen.jpg,Glubscher.jpg,Lampe.jpg,Funzel.jpg,Massiv selbstständig protzt Vera:
100,111,31,filler,WP2,h,low,low,match,no,Die Zuschauer*schnackten*in der Pause:,Der Bengel*veräppeln*den Flegel.,Welches Bild passt am besten zu dem zuletzt gelesenen Satz?,Filler31_WP2_related_1.jpg,Filler31_WP2_related_2.jpg,Filler31_WP2_unrelated_1.jpg,Filler31_WP2_unrelated_2.jpg,Die Zuschauer schnackten in der Pause:
101,86,6,filler,WP2,g,high,high,match,yes,Der Bürgermeister*proklamierte*im*Amtsblatt:,Der Detektiv*überlistete*den Gauner.,Welches Bild passt am besten zu dem zuletzt gelesenen Satz?,Filler6_WP2_related_1.jpg,Filler6_WP2_related_2.jpg,Filler6_WP2_unrelated_1.jpg,Filler6_WP2_unrelated_2.jpg,Der Bürgermeister proklamierte im Amtsblatt:
102,101,21,filler,WP2,i,low,high,mismatch,yes,Der alte Kauz*brabbelte*voller Sorge:,Der Landwirt*reizte*den Obsthändler.,Welches Bild passt am besten zu dem zuletzt gelesenen Satz?,Filler21_WP2_related_1.jpg,Filler21_WP2_related_2.jpg,Filler21_WP2_unrelated_1.jpg,Filler21_WP2_unrelated_2.jpg,Der alte Kauz brabbelte voller Sorge:
103,1,1,critical,WP1,c,low,low,match,yes,Sauber zurechtgemacht*labert*Peter:,Ich*binde*gleich*meine Latschen*vor dem Zimmer.,Welches Bild passt am besten zu dem zuletzt gelesenen Satz?,Latschen.jpg,Schuhe.jpg,Klamotten.jpg,Kleidung.jpg,Sauber zurechtgemacht labert Peter:
104,27,27,critical,WP1,e,low,low,match,no,Enorm geschickt*schnattert*Susanna:,Ich*schneidere*jetzt*meine Tröte*von dem Trödelmarkt.,Welches Bild passt am besten zu dem zuletzt gelesenen Satz?,Troete.jpg,Trompete.jpg,Fummel.jpg,Kleider.jpg,Enorm geschickt schnattert Susanna:
105,88,8,filler,WP2,g,high,high,match,yes,Die Juroren*verlasen*ihr Votum:,Der Sporttaucher*täuschte*den Brustschwimmer.,Welches Bild passt am besten zu dem zuletzt gelesenen Satz?,Filler8_WP2_related_1.jpg,Filler8_WP2_related_2.jpg,Filler8_WP2_unrelated_1.jpg,Filler8_WP2_unrelated_2.jpg,Die Juroren verlasen ihr Votum:
106,97,17,filler,WP2,j,low,high,mismatch,no,Die Sportlegende*labern*nonstop:,Der Fechter*bekämpfen*den Gegner.,Welches Bild passt am besten zu dem zuletzt gelesenen Satz?,Filler17_WP2_related_1.jpg,Filler17_WP2_related_2.jpg,Filler17_WP2_unrelated_1.jpg,Filler17_WP2_unrelated_2.jpg,Die Sportlegende labern nonstop:
107,21,21,critical,WP1,e,low,low,match,no,Fix gerüstet plappert*Florian:,Ich*stähle*jetzt*meinen Köter*für den Sommer.,Welches Bild passt am besten zu dem zuletzt gelesenen Satz?,Koeter.jpg,Hund.jpg,Wanst.jpg,Bauch.jpg,Fix gerüstet plappert Florian:
108,8,8,critical,WP1,c,high,high,match,yes,Wohlgemut gesinnt*proklamiert*Dennis:,Ich*esse*jetzt*mein Gemüse*von dem Biomarkt.,Welches Bild passt am besten zu dem zuletzt gelesenen Satz?,Gemuese.jpg,Gruenzeug.jpg,Fahrraeder.jpg,Drahtesel.jpg,Wohlgemut gesinnt proklamiert Dennis:
109,41,1,filler,SocStat,a,high,high,match,yes,Tante Inga*schuftet schwer*in der Imbissbude.,"Ich*merke,*dass*die Gegend*wegen des bunten Festes*abgesperrt ist.",Welches Bild passt am besten zu dem zuletzt gelesenen Satz?,Filler1_socstat_related_1.jpg,Filler1_socstat_related_2.jpg,Filler1_socstat_unrelated_1.jpg,Filler1_socstat_unrelated_2.jpg,Tante Inga schuftet schwer in der Imbissbude.
110,31,31,critical,WP1,d,low,high,mismatch,yes,Spitze gedrillt*schnarrt*Klaus:,Ich*feuer*bald*meine Pistole*für die Übung.,Welches Bild passt am besten zu dem zuletzt gelesenen Satz?,Pistole.jpg,Knarre.jpg,Arznei.jpg,Pillen.jpg,Spitze gedrillt schnarrt Klaus:
111,25,25,critical,WP1,e,low,low,match,no,Mordsmäßig betucht*brabbelt*Heike:,Ich*pediküre*bald*meine Bude*mit der Kollegin.,Welches Bild passt am besten zu dem zuletzt gelesenen Satz?,Bude.jpg,Residenz.jpg,Mauken.jpg,Fuesse.jpg,Mordsmäßig betucht brabbelt Heike:
112,72,43,filler,SocStat,b,high,high,match,no,Der Elternbeirat*aus Wiesbaden*trifft sich*wöchentlich.,"Ich*denke,*dass*das Treffen*trotz die ernste Diskussion*pünktlich*endet.",Welches Bild passt am besten zu dem zuletzt gelesenen Satz?,Filler43_socstat_related_1.jpg,Filler43_socstat_related_2.jpg,Filler43_socstat_unrelated_1.jpg,Filler43_socstat_unrelated_2.jpg,Der Elternbeirat aus Wiesbaden trifft sich wöchentlich.
113,4,4,critical,WP1,c,high,high,match,yes,Modern ausgerichtet*spricht*Felix:,Ich*pierce*bald*meine Ohren*in dem Einkaufszentrum.,Welches Bild passt am besten zu dem zuletzt gelesenen Satz?,Ohren.jpg,Lauscher.jpg,Wohnung.jpg,Bruchbude.jpg,Modern ausgerichtet spricht Felix:
114,100,20,filler,WP2,j,high,low,mismatch,no,Der Landesherr*verewigte*auf dem Pergament:,Der Kaiser*hätscheln*den Herzog.,Welches Bild passt am besten zu dem zuletzt gelesenen Satz?,Filler20_WP2_related_1.jpg,Filler20_WP2_related_2.jpg,Filler20_WP2_unrelated_1.jpg,Filler20_WP2_unrelated_2.jpg,Der Landesherr verewigte auf dem Pergament:
115,10,10,critical,WP1,c,high,high,match,yes,Vermögend situiert*avisiert*Paula:,Ich*rasiere*bald*meine Beine*für die Feier.,Welches Bild passt am besten zu dem zuletzt gelesenen Satz?,Beine.jpg,Stelzen.jpg,Autos.jpg,Karren.jpg,Vermögend situiert avisiert Paula:
116,80,52,filler,SocStat,b,high,high,match,no,Intern*wurden*die Informationen*weitergeleitet.,"Ich*hoffe,*dass*die Führung*trotz das üble Unglück*stattfinden kann.",Welches Bild passt am besten zu dem zuletzt gelesenen Satz?,Filler52_socstat_related_1.jpg,Filler52_socstat_related_2.jpg,Filler52_socstat_unrelated_1.jpg,Filler52_socstat_unrelated_2.jpg,Intern wurden die Informationen weitergeleitet.
117,75,47,filler,SocStat,b,high,high,match,no,Die Kleine*steckte*ihm*fix*die Neuigkeit.,"Ich*behaupte,*dass*der Wettkampf*trotz die kühle Witterung*wieder*stattfindet.",Welches Bild passt am besten zu dem zuletzt gelesenen Satz?,Filler47_socstat_related_1.jpg,Filler47_socstat_related_2.jpg,Filler47_socstat_unrelated_1.jpg,Filler47_socstat_unrelated_2.jpg,Die Kleine steckte ihm fix die Neuigkeit.
118,98,18,filler,WP2,j,high,low,mismatch,no,Der Vorstandsvorsitzende*propagierte*in der Sitzung:,Der Ausbilder*sponsern*die Künstlerin.,Welches Bild passt am besten zu dem zuletzt gelesenen Satz?,Filler18_WP2_related_1.jpg,Filler18_WP2_related_2.jpg,Filler18_WP2_unrelated_1.jpg,Filler18_WP2_unrelated_2.jpg,Der Vorstandsvorsitzende propagierte in der Sitzung:
119,39,39,critical,WP1,d,low,high,mismatch,yes,Lässig chillend*quasselt*Sabine:,Ich*betreibe*jetzt*meine Pension*in der Region.,Welches Bild passt am besten zu dem zuletzt gelesenen Satz?,Pension.jpg,Absteige.jpg,Hausschuhe.jpg,Schlappen.jpg,Lässig chillend quasselt Sabine:
120,65,32,filler,SocStat,b,high,high,match,no,Für die Menschen*in Schwahlheim*sind*die abendlichen Spaziergänge*am See*ein Genuss.,"Ich*weiß,*dass*das Ufer*wegen die grüne Aussicht*idyllisch wirkt.",Welches Bild passt am besten zu dem zuletzt gelesenen Satz?,Filler32_socstat_related_1.jpg,Filler32_socstat_related_2.jpg,Filler32_socstat_unrelated_1.jpg,Filler32_socstat_unrelated_2.jpg,Für die Menschen in Schwahlheim sind die abendlichen Spaziergänge am See ein Genuss.
